clientSlug,src,alt,caption,order
"martina","/martina/gallery-1.jpg","Martina en scène sous lumière rouge","Feu rouge","1"
"martina","/martina/gallery-2.JPG","Portrait éditorial de Martina","Studio","2"
"martina","/martina/gallery-3.jpeg","Martina sur scène sous lumière bleue","Live","3"
"martina","/martina/gallery-4.jpeg","Martina dans une ambiance violette sur scène","Live","4"
"martina","/martina/gallery-5.jpeg","Portrait concept de Martina","Éclats","5"
"martina","/martina/gallery-6.jpeg","Visuel studio de Martina","Chrome","6"
"martina","/martina/gallery-7.jpeg","Martina en prise éditoriale contrastée","Ground Control","7"
"martina","/martina/gallery-8.jpeg","Martina dans une ambiance noir et or","Backstage","8"
"martina","/martina/gallery-9.jpeg","Martina en portrait profil","Scène libre","9"
